时间,电压(V),电流(mA),功率(mW)
0.0010,4.9995,299.8370,1499.0487
0.0715,4.9996,313.4838,1567.3055
0.1419,5.0029,292.3876,1462.7999
0.2123,4.9962,271.5260,1356.6018
0.2827,4.9894,328.3395,1638.2330
0.3532,4.9920,304.5979,1520.5549
0.4238,4.9902,309.0973,1542.4588
0.4951,5.0041,300.3708,1503.0768
0.5662,4.9922,314.5808,1570.4538
0.6365,4.9838,286.4672,1427.6928
0.7068,5.0090,316.3045,1584.3595
0.7773,4.9863,291.5330,1453.6688
0.8474,4.9833,257.8615,1285.0047
0.9180,5.0027,283.9554,1420.5490
0.9890,5.0090,291.0219,1457.7164
1.0601,5.0187,291.4057,1462.4840
1.1312,5.0079,317.8489,1591.7524
1.2024,5.0178,275.6722,1383.2670
1.2728,5.0009,306.1158,1530.8559
1.3432,5.0151,273.3968,1371.1013
1.4134,4.9993,297.5924,1487.7679
1.4840,5.0017,286.0035,1430.4898
1.5544,4.9824,344.3324,1715.6061
1.6247,5.0108,321.3716,1610.3164
1.6951,5.0043,301.2192,1507.3826
1.7656,4.9906,284.8515,1421.5941
1.8361,4.9997,297.3382,1486.5895
1.9063,4.9928,318.0492,1587.9484
1.9766,5.0106,287.8070,1442.0789
2.0470,5.0076,257.3991,1288.9453
2.1173,5.0119,297.6677,1491.8826
2.1878,4.9905,326.8746,1631.2779
2.2581,5.0164,309.1610,1550.8789
2.3286,5.0199,288.3960,1447.7319
2.3989,5.0163,301.6618,1513.2248
2.4693,4.9853,272.4304,1358.1414
2.5398,5.0033,281.5409,1408.6357
2.6101,4.9895,280.2505,1398.3138
2.6806,5.0064,281.4754,1409.1763
2.7512,5.0051,301.1457,1507.2597
2.8214,4.9802,305.4006,1520.9428
2.8920,4.9827,300.3898,1496.7406
2.9628,5.0066,273.7896,1370.7577
3.0333,4.9872,283.8989,1415.8658
3.1039,4.9818,302.4965,1506.9746
3.1742,5.0038,338.3450,1693.0242
3.2444,4.9814,299.0143,1489.5069
3.3151,5.0093,287.1929,1438.6410
3.3856,4.9956,299.3857,1495.6140
3.4561,5.0029,312.4760,1563.2724
3.5271,5.0025,302.9436,1515.4685
3.5985,5.0079,280.8309,1406.3712
3.6694,4.9832,281.3094,1401.8162
3.7395,4.9928,315.5931,1575.7065
3.8101,4.9980,307.5665,1537.2024
3.8804,4.9980,318.1783,1590.2580
3.9507,5.0124,318.7932,1597.9162
4.0211,4.9927,297.4450,1485.0422
4.0912,5.0047,277.5750,1389.1806
4.1615,5.0171,298.3981,1497.0847
4.2338,4.9940,312.9991,1563.1150
4.3042,5.0076,296.0830,1482.6692
4.3748,4.9952,326.6654,1631.7707
4.4451,4.9893,272.1512,1357.8448
4.5154,4.9989,312.8326,1563.8078
4.5858,5.0149,274.3856,1376.0050
4.6577,4.9976,298.3346,1490.9423
4.7294,4.9805,290.6622,1447.6469
4.8000,4.9830,339.7877,1693.1612
4.8703,4.9900,282.3617,1408.9920
4.9406,4.9861,305.3628,1522.5573
5.0107,5.0154,267.3440,1340.8382
5.0820,4.9898,282.1991,1408.1269
5.1525,5.0112,297.6870,1491.7613
5.2229,5.0058,330.1755,1652.7951
5.2936,4.9948,297.1900,1484.4032
5.3638,5.0162,287.1654,1440.4834
5.4345,5.0014,260.1371,1301.0545
5.5051,5.0036,317.1222,1586.7681
5.5755,4.9906,295.4253,1474.3487
5.6460,5.0200,329.4191,1653.6837
5.7166,4.9922,339.4502,1694.6107
5.7871,4.9958,274.7952,1372.8120
