时间,电压(V),电流(uA),功率(mW)
0.0102,4.2038,69.5960,0.2926
0.0811,4.2025,69.4949,0.2921
0.1544,4.2038,69.4949,0.2921
0.2261,4.2045,69.5960,0.2926
0.2983,4.2035,69.5960,0.2925
0.3701,4.2043,69.4949,0.2922
0.4425,4.2040,69.5960,0.2926
0.5140,4.1946,69.4949,0.2915
0.5861,4.1968,69.4949,0.2917
0.6580,4.1944,69.4949,0.2915
0.7297,4.2010,69.4949,0.2920
0.8019,4.2043,69.4949,0.2922
0.8742,4.2047,69.4949,0.2922
0.9459,4.2043,69.4949,0.2922
1.0177,4.2038,69.4949,0.2921
1.0898,4.2033,69.4949,0.2921
1.1621,4.2020,69.4949,0.2920
1.2339,4.2030,69.4949,0.2921
1.3061,4.2018,69.4949,0.2920
1.3774,4.2020,69.4949,0.2920
1.4498,4.2020,69.4949,0.2920
1.5224,4.2023,69.4949,0.2920
1.5942,4.2023,69.4949,0.2920
1.6655,4.2013,69.4949,0.2920
1.7378,4.2000,69.4949,0.2919
1.8104,4.2008,69.4949,0.2919
1.8821,4.2000,69.4949,0.2919
1.9539,4.1998,69.4949,0.2919
2.0257,4.1996,705.6566,2.9634
2.0967,4.2025,69.4949,0.2921
2.1675,4.2028,69.4949,0.2921
2.2382,4.2003,69.4949,0.2919
2.3088,4.1998,69.4949,0.2919
2.3799,4.2003,69.4949,0.2919
2.4522,4.2000,69.4949,0.2919
2.5237,4.2050,69.4949,0.2922
2.5957,4.2075,706.3636,2.9720
2.6669,4.2020,69.4949,0.2920
2.7378,4.2008,69.4949,0.2919
2.8085,4.2000,69.4949,0.2919
2.8792,4.2005,69.4949,0.2919
2.9496,4.2000,69.4949,0.2919
3.0221,4.1996,69.4949,0.2918
3.0945,4.2082,69.4949,0.2924
3.1660,4.2117,707.0707,2.9779
3.2375,4.2018,69.4949,0.2920
3.3089,4.2008,69.4949,0.2919
3.3802,4.1998,69.4949,0.2919
3.4511,4.2005,69.4949,0.2919
3.5215,4.1998,69.5960,0.2923
3.5932,4.2045,69.4949,0.2922
3.6636,4.2094,69.4949,0.2925
3.7362,4.2075,707.7778,2.9780
3.8081,4.2008,69.4949,0.2919
3.8789,4.2000,69.4949,0.2919
3.9494,4.2003,69.4949,0.2919
4.0202,4.2080,69.4949,0.2924
4.0909,4.1993,69.4949,0.2918
4.1626,4.2082,69.4949,0.2924
4.2343,4.2087,69.4949,0.2925
4.3065,4.2107,708.4848,2.9832
4.3768,4.2003,69.4949,0.2919
4.4483,4.2000,69.4949,0.2919
4.5193,4.2005,69.4949,0.2919
4.5905,4.2087,69.4949,0.2925
4.6612,4.2030,69.4949,0.2921
4.7327,4.2092,69.4949,0.2925
4.8046,4.2075,69.5960,0.2928
4.8768,4.2065,709.1919,2.9832
4.9524,4.2003,69.4949,0.2919
5.0265,4.1998,69.4949,0.2919
5.0980,4.2008,69.4949,0.2919
5.1708,4.2018,69.4949,0.2920
5.2421,4.2023,69.4949,0.2920
5.3143,4.2023,69.4949,0.2920
5.3857,4.2023,69.4949,0.2920
5.4576,4.2025,69.4949,0.2921
5.5306,4.2023,69.4949,0.2920
5.6021,4.2035,69.4949,0.2921
5.6735,4.2043,69.4949,0.2922
5.7459,4.2040,69.4949,0.2922
5.8185,4.2043,69.4949,0.2922
5.8900,4.2043,69.4949,0.2922
5.9620,4.1946,69.4949,0.2915
6.0344,4.2043,69.4949,0.2922
6.1057,4.1946,69.4949,0.2915
6.1780,4.1946,69.4949,0.2915
6.2501,4.2038,69.4949,0.2921
6.3222,4.1981,69.3939,0.2913
6.3941,4.2038,69.4949,0.2921
6.4663,4.2045,69.4949,0.2922
6.5386,4.2040,69.4949,0.2922
6.6097,4.2047,69.4949,0.2922
6.6824,4.2035,69.4949,0.2921
6.7543,4.2023,69.4949,0.2920
6.8260,4.2023,69.4949,0.2920
6.8979,4.2020,69.4949,0.2920
6.9696,4.2025,69.4949,0.2921
7.0420,4.2020,69.4949,0.2920
7.1141,4.2010,69.4949,0.2920
7.1857,4.2018,69.4949,0.2920
7.2582,4.2008,69.4949,0.2919
7.3303,4.2000,69.4949,0.2919
7.4018,4.2005,69.4949,0.2919
7.4740,4.1998,69.4949,0.2919
7.5455,4.1998,69.4949,0.2919
7.6170,4.2085,69.4949,0.2925
7.6898,4.2097,69.4949,0.2926
7.7625,4.2092,69.4949,0.2925
7.8338,4.2087,69.4949,0.2925
7.9064,4.2005,69.4949,0.2919
7.9778,4.2005,69.4949,0.2919
8.0499,4.2000,69.4949,0.2919
8.1217,4.2008,69.4949,0.2919
8.1942,4.2005,69.4949,0.2919
8.2661,4.1973,713.5354,2.9949
8.3370,4.2092,69.4949,0.2925
8.4080,4.2057,69.4949,0.2923
8.4784,4.2000,69.4949,0.2919
8.5494,4.2003,69.4949,0.2919
8.6199,4.1996,69.5960,0.2923
8.6919,4.2005,69.4949,0.2919
8.7640,4.2005,69.4949,0.2919
8.8366,4.2030,714.2424,3.0020
8.9071,4.2090,69.4949,0.2925
8.9785,4.1996,69.4949,0.2918
9.0490,4.2005,69.4949,0.2919
9.1198,4.2005,69.4949,0.2919
9.1902,4.2008,69.4949,0.2919
9.2620,4.2008,69.4949,0.2919
9.3340,4.2018,69.4949,0.2920
9.4061,4.2052,714.9495,3.0065
9.4768,4.2055,69.4949,0.2923
9.5480,4.2005,69.4949,0.2919
9.6185,4.2005,69.4949,0.2919
9.6893,4.2005,69.4949,0.2919
9.7600,8.5022,69.1919,0.5883
9.8324,8.5025,69.1919,0.5883
9.9037,8.5025,69.1919,0.5883
9.9759,8.5025,715.6566,6.0849
10.0470,8.5529,69.0909,0.5909
10.1177,8.5712,69.0909,0.5922
10.1888,8.5574,69.0909,0.5912
10.2592,8.5445,69.0909,0.5903
10.3298,8.5453,69.0909,0.5904
10.4018,8.5453,69.0909,0.5904
10.4736,8.5455,69.0909,0.5904
10.5466,8.5453,716.3636,6.1215
10.6172,8.5455,69.0909,0.5904
10.6882,8.5455,69.0909,0.5904
10.7587,8.5455,69.0909,0.5904
10.8302,8.5455,69.0909,0.5904
10.9007,8.5457,69.0909,0.5904
10.9716,8.5455,69.0909,0.5904
11.0440,8.5455,69.0909,0.5904
11.1157,8.5455,717.0707,6.1277
11.1869,8.5344,69.0909,0.5896
11.2582,8.5910,69.0909,0.5936
11.3293,8.5883,69.0909,0.5934
11.3998,8.5890,69.0909,0.5934
11.4704,8.4713,69.1919,0.5861
11.5415,8.4671,69.2929,0.5867
11.6131,8.4676,69.1919,0.5859
11.6854,8.4651,717.7778,6.0761
11.7574,12.1652,68.3838,0.8319
11.8280,12.1654,68.3838,0.8319
11.8985,12.1654,68.2828,0.8307
11.9690,12.1654,68.3838,0.8319
12.0401,12.1721,69.0909,0.8410
12.1123,12.1728,68.9899,0.8398
12.1842,12.1699,69.0909,0.8408
12.2566,12.1825,718.5859,8.7542
12.3270,12.1694,67.8788,0.8260
12.3976,12.1672,68.3838,0.8320
12.4684,12.1691,68.9899,0.8395
12.5389,12.1699,68.8889,0.8384
12.6101,12.1716,68.5859,0.8348
12.6820,12.1679,68.1818,0.8296
12.7536,12.1667,68.3838,0.8320
12.8257,12.1647,719.2929,8.7500
12.8969,12.1672,68.5859,0.8345
12.9678,12.1701,68.6869,0.8359
13.0387,12.1664,68.3838,0.8320
13.1094,12.1669,68.2828,0.8308
13.1801,12.1664,68.3838,0.8320
13.2524,12.1672,68.8889,0.8382
13.3240,12.1706,68.9899,0.8397
13.3956,12.1728,720.0000,8.7645
13.4669,12.1686,68.8889,0.8383
13.5379,12.1674,68.4848,0.8333
13.6084,12.1733,68.8889,0.8386
13.6793,12.1736,68.6869,0.8362
13.7497,12.1783,68.8889,0.8389
13.8218,12.1753,68.8889,0.8387
13.8943,12.1709,69.0909,0.8409
13.9663,12.1862,720.7071,8.7827
14.0372,12.2018,68.0808,0.8307
14.1080,12.1862,68.5859,0.8358
14.1786,12.1825,68.6869,0.8368
14.2498,12.1775,68.8889,0.8389
14.3206,12.1805,68.7879,0.8379
14.3918,12.1756,68.8889,0.8388
14.4644,12.1892,68.5859,0.8360
14.5367,12.1751,721.4141,8.7833
14.6073,12.1993,68.1818,0.8318
14.6785,12.1822,68.7879,0.8380
14.7510,12.1798,68.7879,0.8378
14.8217,12.1751,68.8889,0.8387
14.8926,12.1800,68.7879,0.8378
14.9634,12.1780,68.8889,0.8389
15.0343,12.1775,68.7879,0.8377
15.1061,12.1825,722.1212,8.7972
15.1769,12.1788,68.8889,0.8390
15.2480,12.1751,68.9899,0.8400
15.3188,12.1756,68.8889,0.8388
15.3898,12.1785,68.8889,0.8390
15.4612,12.1934,68.2828,0.8326
15.5314,12.1808,68.7879,0.8379
15.6041,12.1778,68.7879,0.8377
15.6760,12.2122,722.8283,8.8273
15.7468,12.1741,68.9899,0.8399
15.8175,12.1753,68.8889,0.8387
15.8882,12.1751,68.9899,0.8400
15.9587,12.1741,68.9899,0.8399
16.0303,12.1926,68.3838,0.8338
16.1016,12.1741,68.9899,0.8399
16.1740,12.1780,68.8889,0.8389
16.2461,12.1731,723.5354,8.8077
16.3171,12.1743,68.8889,0.8387
16.3879,12.1677,69.1919,0.8419
16.4585,12.1926,68.2828,0.8325
16.5293,12.1736,68.9899,0.8399
16.6000,12.1748,68.9899,0.8399
16.6716,12.1738,68.8889,0.8386
16.7429,12.1780,68.8889,0.8389
16.8156,8.9980,724.3434,6.5177
16.8867,12.1674,68.0808,0.8284
16.9577,12.1761,68.9899,0.8400
17.0283,12.1659,68.2828,0.8307
17.0991,12.1664,68.1818,0.8295
17.1704,12.1921,68.0808,0.8301
17.2421,12.1657,68.2828,0.8307
17.3139,12.1657,68.2828,0.8307
17.3860,12.1758,725.0505,8.8281
17.4567,8.9750,68.6869,0.6165
17.5275,12.1647,68.3838,0.8319
17.5983,9.0979,68.4848,0.6231
17.6692,12.1652,68.3838,0.8319
17.7401,4.2038,69.4949,0.2921
17.8124,4.2045,69.4949,0.2922
17.8838,4.2040,69.5960,0.2926
17.9565,4.2028,725.7576,3.0502
18.0268,4.2023,69.4949,0.2920
18.0975,4.2033,69.4949,0.2921
18.1679,4.2038,69.4949,0.2921
18.2383,4.2043,69.5960,0.2926
18.3103,4.2040,69.5960,0.2926
18.3815,4.2043,69.5960,0.2926
18.4536,4.1986,69.4949,0.2918
18.5263,4.1968,726.4646,3.0489
18.5973,4.2025,69.4949,0.2921
18.6685,4.2035,69.5960,0.2925
18.7392,4.2043,69.5960,0.2926
18.8115,4.2040,69.5960,0.2926
18.8830,4.2043,69.4949,0.2922
18.9534,4.2038,69.4949,0.2921
19.0239,4.1949,69.4949,0.2915
19.0965,4.1939,727.1717,3.0497
19.1669,4.2028,69.4949,0.2921
19.2383,4.2035,69.4949,0.2921
19.3099,4.2043,69.4949,0.2922
19.3814,4.2040,69.4949,0.2922
19.4517,4.2043,69.4949,0.2922
19.5222,4.2043,69.4949,0.2922
19.5941,4.1939,69.4949,0.2915
19.6659,4.1951,727.8788,3.0535
19.7372,4.2028,69.4949,0.2921
19.8078,4.2040,69.4949,0.2922
19.8788,4.2045,69.4949,0.2922
19.9493,4.2008,69.4949,0.2919
20.0201,4.2040,69.4949,0.2922
20.0919,4.1988,69.4949,0.2918
20.1637,4.1936,69.4949,0.2914
20.2366,4.1936,728.5859,3.0554
