时间,电压(V),电流(uA),功率(mW)
0.0090,4.1998,69.4949,0.2919
0.0799,4.2008,69.4949,0.2919
0.1517,4.1998,69.4949,0.2919
0.2224,4.2040,69.4949,0.2922
0.2931,4.2094,69.4949,0.2925
0.3645,4.2015,69.4949,0.2920
0.4365,4.2097,69.4949,0.2926
0.5077,4.2075,69.4949,0.2924
0.5799,4.2005,69.4949,0.2919
0.6521,4.2087,69.4949,0.2925
0.7239,4.2000,69.4949,0.2919
0.7965,4.2005,69.4949,0.2919
0.8682,4.2005,69.4949,0.2919
0.9402,4.2003,69.4949,0.2919
1.0121,4.2010,69.4949,0.2920
1.0838,4.2015,69.4949,0.2920
1.1565,4.2020,69.4949,0.2920
1.2286,4.2003,69.4949,0.2919
1.3005,4.2023,69.5960,0.2925
1.3719,4.2023,69.4949,0.2920
1.4443,4.2023,69.4949,0.2920
1.5162,4.2025,69.4949,0.2921
1.5884,4.2025,69.5960,0.2925
1.6605,4.2023,69.4949,0.2920
1.7325,4.2038,69.4949,0.2921
1.8039,4.2023,69.4949,0.2920
1.8761,4.2028,69.4949,0.2921
1.9480,4.2043,69.5960,0.2926
2.0201,4.2043,69.4949,0.2922
2.0924,4.2038,69.4949,0.2921
2.1639,4.2045,69.4949,0.2922
2.2362,4.2005,69.5960,0.2923
2.3082,4.1951,69.4949,0.2915
2.3802,4.2035,69.5960,0.2925
2.4526,4.1949,69.4949,0.2915
2.5234,4.1961,69.4949,0.2916
2.5962,4.2045,69.4949,0.2922
2.6686,4.1954,69.4949,0.2916
2.7405,4.2038,69.4949,0.2921
2.8123,4.2050,69.4949,0.2922
2.8840,4.2035,69.4949,0.2921
2.9558,4.2040,69.4949,0.2922
3.0278,4.2040,69.4949,0.2922
3.0999,4.2035,69.4949,0.2921
3.1780,4.2020,69.4949,0.2920
3.2502,4.2023,69.4949,0.2920
3.3220,4.2005,69.4949,0.2919
3.3941,4.2000,69.4949,0.2919
3.4659,4.2005,69.4949,0.2919
3.5384,4.1998,69.4949,0.2919
3.6101,4.2005,69.4949,0.2919
3.6821,4.2080,69.4949,0.2924
3.7538,4.2000,69.3939,0.2915
3.8264,4.2070,69.4949,0.2924
3.8977,4.2099,69.4949,0.2926
3.9702,4.2060,69.4949,0.2923
4.0431,4.2099,69.4949,0.2926
4.1143,4.2077,69.4949,0.2924
4.1852,4.1998,69.4949,0.2919
4.2578,4.2003,69.4949,0.2919
4.3301,4.1996,69.4949,0.2918
4.4021,4.2000,69.4949,0.2919
4.4739,4.2008,69.4949,0.2919
4.5463,4.2023,69.4949,0.2920
4.6183,4.2003,69.4949,0.2919
4.6901,4.2018,69.4949,0.2920
4.7626,4.2020,69.4949,0.2920
4.8341,4.2023,69.4949,0.2920
4.9056,4.2020,69.4949,0.2920
4.9784,4.2020,69.4949,0.2920
5.0499,4.2025,69.4949,0.2921
5.1220,4.2023,69.4949,0.2920
5.1941,4.2020,69.4949,0.2920
5.2662,4.2020,69.4949,0.2920
5.3380,4.2043,69.4949,0.2922
5.4106,4.2040,69.4949,0.2922
5.4822,4.2035,69.4949,0.2921
5.5539,4.2040,69.4949,0.2922
5.6263,4.2035,69.4949,0.2921
5.6980,4.2005,69.4949,0.2919
5.7703,4.2038,69.4949,0.2921
5.8420,4.2028,69.4949,0.2921
5.9140,4.1941,69.4949,0.2915
5.9850,4.1958,69.4949,0.2916
6.0581,4.1944,69.4949,0.2915
6.1299,4.1949,69.4949,0.2915
6.2023,4.2033,69.4949,0.2921
6.2814,4.2033,69.4949,0.2921
6.3522,4.2020,69.4949,0.2920
6.4239,4.2023,69.4949,0.2920
6.4960,4.2023,69.4949,0.2920
6.5670,4.2023,69.4949,0.2920
6.6401,4.2018,69.4949,0.2920
6.7122,4.2020,69.4949,0.2920
6.7841,4.2010,69.5960,0.2924
6.8561,4.2023,69.4949,0.2920
6.9278,4.2005,69.4949,0.2919
6.9998,4.2000,69.4949,0.2919
7.0720,4.2000,69.4949,0.2919
7.1440,4.2003,69.4949,0.2919
7.2162,4.1996,69.4949,0.2918
7.2879,4.2035,69.4949,0.2921
7.3601,4.2094,69.4949,0.2925
7.4322,4.2003,69.4949,0.2919
7.5037,4.2094,69.4949,0.2925
7.5759,4.2085,69.4949,0.2925
7.6486,4.2010,69.4949,0.2920
7.7200,4.2087,69.4949,0.2925
7.7927,4.2003,69.4949,0.2919
7.8637,4.2008,69.4949,0.2919
7.9360,4.2003,69.4949,0.2919
8.0078,4.2003,69.4949,0.2919
8.0803,4.2000,69.4949,0.2919
8.1524,4.2003,69.4949,0.2919
8.2241,4.2025,69.4949,0.2921
8.2959,4.2003,69.4949,0.2919
8.3681,4.2023,69.4949,0.2920
8.4402,4.2025,69.4949,0.2921
8.5113,4.2018,69.4949,0.2920
8.5838,4.2023,69.4949,0.2920
8.6558,4.2020,69.4949,0.2920
8.7280,4.2020,69.4949,0.2920
8.8003,4.2035,69.4949,0.2921
8.8720,4.2023,69.4949,0.2920
8.9436,4.2025,69.4949,0.2921
9.0163,4.2038,69.4949,0.2921
9.0883,4.2043,69.4949,0.2922
9.1600,4.2038,69.4949,0.2921
9.2324,4.2043,69.4949,0.2922
9.3040,4.2043,69.4949,0.2922
9.3822,4.2040,69.4949,0.2922
9.4542,4.2045,69.4949,0.2922
9.5258,4.2043,69.4949,0.2922
9.5981,4.2035,69.5960,0.2925
9.6703,4.2047,69.4949,0.2922
9.7431,4.2033,69.4949,0.2921
9.8143,4.2025,69.5960,0.2925
9.8857,4.2018,69.4949,0.2920
9.9578,4.2028,69.4949,0.2921
10.0303,4.2020,69.4949,0.2920
10.1020,4.2025,69.4949,0.2921
10.1743,4.2020,69.4949,0.2920
10.2465,4.2025,69.4949,0.2921
10.3182,4.2023,69.4949,0.2920
10.3902,4.2010,69.5960,0.2924
10.4626,4.2005,69.4949,0.2919
10.5340,4.2013,69.4949,0.2920
10.6061,4.2005,69.4949,0.2919
10.6771,4.1996,69.4949,0.2918
10.7502,4.1998,69.4949,0.2919
10.8222,4.2003,69.4949,0.2919
10.8942,4.1998,69.4949,0.2919
10.9661,4.2085,69.4949,0.2925
11.0381,4.2094,69.5960,0.2930
11.1111,4.2080,69.5960,0.2929
11.1822,4.2099,69.4949,0.2926
11.2541,4.2035,69.4949,0.2921
11.3261,4.2003,69.5960,0.2923
11.3976,4.2070,69.4949,0.2924
11.4698,4.2005,69.4949,0.2919
11.5414,4.2003,69.4949,0.2919
11.6138,4.2003,69.4949,0.2919
11.6861,4.2005,69.4949,0.2919
11.7578,4.2003,69.4949,0.2919
11.8301,4.2020,69.4949,0.2920
11.9018,4.2025,69.4949,0.2921
11.9738,4.2018,69.4949,0.2920
12.0457,4.2020,69.4949,0.2920
12.1177,4.2023,69.4949,0.2920
12.1901,4.2025,69.4949,0.2921
12.2621,4.2023,69.4949,0.2920
12.3337,4.2023,69.4949,0.2920
12.4061,4.2023,69.4949,0.2920
12.4848,4.2038,69.4949,0.2921
12.5560,4.1949,69.4949,0.2915
12.6281,4.1944,69.4949,0.2915
12.7000,4.2045,69.4949,0.2922
12.7720,4.1941,69.4949,0.2915
12.8439,4.2028,69.4949,0.2921
12.9159,4.2035,69.3939,0.2917
12.9880,4.2035,69.4949,0.2921
13.0596,4.2043,69.3939,0.2917
13.1320,4.2040,69.4949,0.2922
13.2042,4.2038,69.4949,0.2921
13.2761,4.2025,69.4949,0.2921
13.3481,4.2035,69.4949,0.2921
13.4189,4.2025,69.4949,0.2921
13.4920,4.2023,69.4949,0.2920
13.5645,4.2023,69.4949,0.2920
13.6360,4.2020,69.4949,0.2920
13.7078,4.2023,69.4949,0.2920
13.7800,4.2025,69.4949,0.2921
13.8520,4.2010,69.4949,0.2920
13.9236,4.2023,69.4949,0.2920
13.9959,4.2020,69.4949,0.2920
14.0677,4.2003,69.4949,0.2919
14.1401,4.2003,69.4949,0.2919
14.2118,4.2010,69.4949,0.2920
14.2839,4.1998,69.4949,0.2919
14.3562,4.1996,69.4949,0.2918
14.4281,4.2077,69.3939,0.2920
14.5001,4.1991,69.4949,0.2918
14.5720,4.2075,69.4949,0.2924
14.6442,4.2097,69.4949,0.2926
14.7162,4.2040,69.4949,0.2922
14.7875,4.2090,69.4949,0.2925
14.8602,4.2070,69.4949,0.2924
14.9320,4.2000,69.4949,0.2919
15.0039,4.2000,69.4949,0.2919
15.0765,4.2003,69.4949,0.2919
15.1481,4.2000,69.4949,0.2919
15.2201,4.2000,69.4949,0.2919
15.2923,4.2018,69.4949,0.2920
15.3645,4.2005,69.4949,0.2919
15.4356,4.2020,69.4949,0.2920
15.5081,4.2020,69.4949,0.2920
15.5863,4.2023,69.3939,0.2916
15.6582,4.2038,69.4949,0.2921
15.7303,4.2043,69.4949,0.2922
15.8011,4.2040,69.4949,0.2922
15.8737,4.2040,69.4949,0.2922
15.9461,4.2045,69.5960,0.2926
16.0180,4.1941,69.4949,0.2915
16.0903,4.1941,69.4949,0.2915
16.1621,4.1958,69.4949,0.2916
16.2342,4.1939,69.4949,0.2915
16.3059,4.2040,69.4949,0.2922
16.3782,4.2040,69.4949,0.2922
16.4502,4.2030,69.3939,0.2917
16.5223,4.2043,69.4949,0.2922
16.5938,4.2045,69.4949,0.2922
16.6661,4.2043,69.4949,0.2922
16.7389,4.2043,69.4949,0.2922
16.8101,4.2035,69.3939,0.2917
16.8819,4.2025,69.4949,0.2921
16.9540,4.2023,69.4949,0.2920
17.0253,4.2023,69.4949,0.2920
17.0979,4.2020,69.4949,0.2920
17.1699,4.2020,69.4949,0.2920
17.2419,4.2020,69.4949,0.2920
17.3139,4.2025,69.4949,0.2921
17.3860,4.2020,69.4949,0.2920
17.4579,4.2008,69.4949,0.2919
17.5301,4.2003,69.3939,0.2915
17.6018,4.2013,69.4949,0.2920
17.6742,4.2005,69.4949,0.2919
17.7458,4.2000,69.4949,0.2919
17.8182,4.2008,69.4949,0.2919
17.8902,4.2000,69.4949,0.2919
17.9620,4.1998,69.4949,0.2919
18.0342,4.2082,69.4949,0.2924
18.1058,4.2082,69.4949,0.2924
18.1779,4.2082,69.4949,0.2924
18.2502,4.2090,69.4949,0.2925
18.3220,4.2000,69.4949,0.2919
18.3938,4.2005,69.4949,0.2919
18.4661,4.2018,69.4949,0.2920
18.5387,4.2003,69.4949,0.2919
18.6111,4.2005,69.4949,0.2919
18.6881,4.2025,69.4949,0.2921
18.7602,4.2020,69.4949,0.2920
18.8317,4.2028,69.4949,0.2921
18.9039,4.2035,69.4949,0.2921
18.9761,4.2023,69.4949,0.2920
19.0481,4.2035,69.4949,0.2921
19.1200,4.2043,69.4949,0.2922
19.1917,4.2043,69.4949,0.2922
19.2638,4.2040,69.4949,0.2922
19.3358,4.2038,69.4949,0.2921
19.4082,4.1976,69.4949,0.2917
19.4797,4.1941,69.4949,0.2915
19.5522,4.2013,69.4949,0.2920
19.6242,4.1944,69.4949,0.2915
19.6957,4.2005,69.4949,0.2919
19.7681,4.2040,69.4949,0.2922
19.8398,4.1968,69.4949,0.2917
19.9122,4.2043,69.4949,0.2922
19.9848,4.2040,69.4949,0.2922
20.0566,4.2043,69.4949,0.2922
20.1278,4.2045,69.4949,0.2922
20.1999,4.2038,69.4949,0.2921
20.2719,4.2028,69.4949,0.2921
20.3438,4.2023,69.4949,0.2920
20.4165,4.2028,69.4949,0.2921
20.4881,4.2018,69.4949,0.2920
20.5598,4.2018,69.4949,0.2920
20.6319,4.2018,69.4949,0.2920
20.7041,4.2023,69.4949,0.2920
20.7757,4.2020,69.4949,0.2920
20.8481,4.2013,69.5960,0.2924
20.9201,4.2003,69.4949,0.2919
20.9920,4.2010,69.5960,0.2924
21.0639,4.2005,69.4949,0.2919
21.1365,4.2000,69.4949,0.2919
21.2085,4.2003,69.4949,0.2919
21.2801,4.2000,69.4949,0.2919
21.3516,4.1996,69.4949,0.2918
21.4230,4.2094,69.4949,0.2925
21.4964,4.2082,69.4949,0.2924
21.5677,4.2082,69.4949,0.2924
21.6404,4.2092,69.5960,0.2929
21.7122,4.2003,69.5960,0.2923
21.7901,4.2018,69.4949,0.2920
21.8621,4.2023,69.4949,0.2920
21.9340,4.2025,69.4949,0.2921
22.0062,4.2025,69.4949,0.2921
22.0782,4.2018,69.4949,0.2920
22.1493,4.2018,69.4949,0.2920
22.2222,4.2023,69.4949,0.2920
22.2949,4.2035,69.4949,0.2921
22.3671,4.2023,69.4949,0.2920
22.4377,4.2035,69.4949,0.2921
22.5100,4.2040,69.4949,0.2922
22.5824,4.2035,69.4949,0.2921
22.6538,4.2038,69.4949,0.2921
22.7256,4.2045,69.4949,0.2922
22.7978,4.1939,69.4949,0.2915
22.8702,4.1939,69.4949,0.2915
22.9417,4.1949,69.4949,0.2915
23.0141,4.1939,69.4949,0.2915
23.0857,4.2035,69.4949,0.2921
23.1575,4.2043,69.4949,0.2922
23.2301,4.2043,69.4949,0.2922
23.3038,4.2045,69.4949,0.2922
23.3741,4.2035,69.4949,0.2921
23.4503,4.2025,69.4949,0.2921
23.5209,4.2040,69.4949,0.2922
23.5917,4.2028,69.4949,0.2921
23.6624,4.2020,69.4949,0.2920
23.7344,4.2023,69.4949,0.2920
23.8065,4.2020,69.4949,0.2920
23.8774,4.2020,69.4949,0.2920
23.9497,4.2020,69.4949,0.2920
24.0223,4.2023,69.4949,0.2920
24.0936,4.2020,69.4949,0.2920
24.1689,4.2015,69.4949,0.2920
24.2407,4.2008,69.4949,0.2919
24.3117,4.1996,69.4949,0.2918
24.3826,4.2003,69.4949,0.2919
24.4545,4.1996,69.4949,0.2918
24.5262,4.2000,69.4949,0.2919
24.5979,4.2092,69.4949,0.2925
24.6689,4.1998,69.4949,0.2919
24.7430,4.2090,69.4949,0.2925
24.8139,4.2080,69.4949,0.2924
24.8925,4.2003,69.4949,0.2919
24.9643,4.2010,69.4949,0.2920
25.0349,4.2018,69.4949,0.2920
25.1094,4.2020,69.4949,0.2920
25.1813,4.2020,69.3939,0.2916
25.2527,4.2023,69.4949,0.2920
25.3244,4.2023,69.4949,0.2920
25.3958,4.2030,69.4949,0.2921
25.4684,4.2020,69.4949,0.2920
25.5399,4.2025,69.4949,0.2921
25.6129,4.2038,69.4949,0.2921
25.6841,4.2040,69.4949,0.2922
25.7555,4.2035,69.4949,0.2921
25.8283,4.2040,69.4949,0.2922
25.9001,4.2040,69.5960,0.2926
25.9720,4.1941,69.4949,0.2915
26.0438,4.2047,69.4949,0.2922
26.1161,4.1941,69.4949,0.2915
26.1882,4.1958,69.4949,0.2916
26.2600,4.2043,69.4949,0.2922
26.3321,4.1961,69.4949,0.2916
26.4044,4.2033,69.4949,0.2921
26.4759,4.2047,69.4949,0.2922
26.5477,4.2038,69.4949,0.2921
26.6202,4.2043,69.4949,0.2922
26.6921,4.2043,69.4949,0.2922
26.7639,4.2030,69.4949,0.2921
26.8359,4.2023,69.4949,0.2920
26.9077,4.2028,69.4949,0.2921
26.9790,4.2025,69.4949,0.2921
27.0522,4.2025,69.4949,0.2921
27.1241,4.2020,69.4949,0.2920
27.1957,4.2020,69.4949,0.2920
27.2680,4.2020,69.4949,0.2920
27.3399,4.2008,69.4949,0.2919
27.4111,4.2005,69.4949,0.2919
27.4848,4.2008,69.4949,0.2919
27.5565,4.2003,69.5960,0.2923
27.6280,4.1998,69.5960,0.2923
27.6997,4.2060,69.4949,0.2923
27.7720,4.1998,69.4949,0.2919
27.8437,4.2062,69.4949,0.2923
27.9158,4.2085,69.4949,0.2925
27.9946,4.2000,69.4949,0.2919
28.0657,4.2008,69.4949,0.2919
28.1381,4.2020,69.4949,0.2920
28.2100,4.2023,69.4949,0.2920
28.2816,4.2023,69.4949,0.2920
28.3538,4.2023,69.4949,0.2920
28.4261,4.2020,69.4949,0.2920
28.4977,4.2020,69.4949,0.2920
28.5699,4.2023,69.4949,0.2920
28.6420,4.2023,69.4949,0.2920
28.7138,4.2040,69.4949,0.2922
28.7867,4.2045,69.4949,0.2922
28.8585,4.2038,69.4949,0.2921
28.9297,4.2045,69.4949,0.2922
29.0017,4.2047,69.4949,0.2922
29.0744,4.1939,69.4949,0.2915
29.1463,4.2035,69.4949,0.2921
29.2182,4.1941,69.4949,0.2915
29.2901,4.1973,69.4949,0.2917
29.3617,4.2038,69.4949,0.2921
29.4342,4.1986,69.4949,0.2918
29.5060,4.2038,69.4949,0.2921
29.5784,4.2045,69.4949,0.2922
29.6500,4.2035,69.4949,0.2921
29.7221,4.2043,69.4949,0.2922
29.7960,4.2038,69.4949,0.2921
29.8667,4.2023,69.4949,0.2920
29.9382,4.2020,69.4949,0.2920
30.0097,4.2023,69.4949,0.2920
30.0823,4.2020,69.4949,0.2920
30.1531,4.2023,69.4949,0.2920
30.2258,4.2020,69.4949,0.2920
30.2981,4.2018,69.4949,0.2920
30.3699,4.2023,69.4949,0.2920
30.4422,4.2005,69.4949,0.2919
30.5140,4.2003,69.4949,0.2919
30.5859,4.2008,69.4949,0.2919
30.6579,4.1996,69.4949,0.2918
30.7302,4.1998,69.4949,0.2919
30.8022,4.2082,69.4949,0.2924
30.8744,4.1998,69.4949,0.2919
30.9462,4.2080,69.4949,0.2924
31.0171,4.2080,69.4949,0.2924
31.0956,4.2005,69.4949,0.2919
31.1700,4.2020,69.4949,0.2920
31.2403,4.2020,69.4949,0.2920
31.3124,4.2020,69.4949,0.2920
31.3837,4.2020,69.4949,0.2920
31.4558,4.2023,69.4949,0.2920
31.5281,4.2025,69.4949,0.2921
31.6002,4.2025,69.4949,0.2921
31.6726,4.2023,69.4949,0.2920
31.7434,4.2033,69.4949,0.2921
31.8163,4.2040,69.4949,0.2922
31.8880,4.2040,69.4949,0.2922
31.9603,4.2040,69.4949,0.2922
32.0307,4.2043,69.4949,0.2922
32.1037,4.1951,69.4949,0.2915
32.1762,4.1946,69.4949,0.2915
32.2483,4.1936,69.4949,0.2914
32.3198,4.1949,69.3939,0.2911
32.3924,4.2035,69.4949,0.2921
32.4638,4.2043,69.4949,0.2922
32.5361,4.2028,69.4949,0.2921
32.6082,4.2043,69.4949,0.2922
32.6793,4.2035,69.4949,0.2921
32.7516,4.2025,69.4949,0.2921
32.8238,4.2040,69.4949,0.2922
32.8959,4.2028,69.4949,0.2921
32.9683,4.2020,69.4949,0.2920
33.0399,4.2023,69.4949,0.2920
33.1122,4.2020,69.4949,0.2920
33.1837,4.2023,69.4949,0.2920
33.2562,4.2023,69.4949,0.2920
33.3282,4.2008,69.4949,0.2919
33.3999,4.2020,69.4949,0.2920
33.4719,4.2008,69.4949,0.2919
33.5442,4.2000,69.4949,0.2919
33.6159,4.1998,69.4949,0.2919
33.6877,4.1998,69.4949,0.2919
33.7599,4.1996,69.4949,0.2918
33.8319,4.2082,69.4949,0.2924
33.9040,4.2072,69.4949,0.2924
33.9763,4.2092,69.4949,0.2925
34.0485,4.2070,69.4949,0.2924
34.1200,4.1993,69.4949,0.2918
34.1978,4.2018,69.4949,0.2920
34.2706,4.2018,69.4949,0.2920
34.3426,4.2020,69.4949,0.2920
34.4142,4.2023,69.4949,0.2920
34.4858,4.2020,69.4949,0.2920
34.5578,4.2023,69.4949,0.2920
34.6300,4.2035,69.4949,0.2921
34.7023,4.2043,69.4949,0.2922
34.7735,4.2040,69.3939,0.2917
34.8457,4.2040,69.4949,0.2922
34.9178,4.2038,69.4949,0.2921
34.9897,4.1944,69.4949,0.2915
35.0622,4.2033,69.4949,0.2921
35.1344,4.1951,69.4949,0.2915
35.2053,4.2003,69.4949,0.2919
35.2782,4.2040,69.3939,0.2917
35.3501,4.2020,69.4949,0.2920
35.4221,4.2038,69.4949,0.2921
35.4941,4.2045,69.4949,0.2922
35.5662,4.2028,69.4949,0.2921
35.6382,4.2038,69.4949,0.2921
35.7096,4.2028,69.4949,0.2921
35.7815,4.2020,69.4949,0.2920
35.8539,4.2018,69.4949,0.2920
35.9287,4.2028,69.4949,0.2921
35.9993,4.2020,69.4949,0.2920
36.0700,4.2020,69.4949,0.2920
36.1424,4.2013,69.4949,0.2920
36.2144,4.2025,69.4949,0.2921
36.2863,4.2008,69.4949,0.2919
36.3583,4.2003,69.4949,0.2919
36.4302,4.1993,69.4949,0.2918
36.5021,4.2000,69.3939,0.2915
36.5739,4.1996,69.3939,0.2914
36.6463,4.2072,69.4949,0.2924
36.7176,4.2075,69.4949,0.2924
36.7899,4.2082,69.4949,0.2924
36.8617,4.2082,69.4949,0.2924
36.9345,4.2000,69.4949,0.2919
37.0060,4.1998,69.4949,0.2919
37.0778,4.1998,69.4949,0.2919
37.1499,4.1998,69.4949,0.2919
37.2225,4.2008,69.4949,0.2919
37.3003,4.2018,69.4949,0.2920
37.3724,4.2025,69.4949,0.2921
37.4437,4.2028,69.5960,0.2925
37.5156,4.2043,69.4949,0.2922
37.5878,4.2040,69.4949,0.2922
37.6604,4.2043,69.4949,0.2922
37.7319,4.2043,69.4949,0.2922
37.8037,4.1944,69.4949,0.2915
37.8755,4.2033,69.4949,0.2921
37.9476,4.1949,69.4949,0.2915
38.0200,4.2008,69.4949,0.2919
38.0923,4.2040,69.4949,0.2922
38.1643,4.2038,69.4949,0.2921
38.2365,4.2043,69.4949,0.2922
38.3080,4.2038,69.4949,0.2921
38.3801,4.2028,69.4949,0.2921
38.4517,4.2040,69.4949,0.2922
38.5239,4.2025,69.4949,0.2921
38.5957,4.2023,69.4949,0.2920
38.6680,4.2020,69.4949,0.2920
38.7395,4.2023,69.4949,0.2920
38.8120,4.2023,69.4949,0.2920
38.8838,4.2023,69.4949,0.2920
38.9560,4.2013,69.4949,0.2920
39.0279,4.2018,69.4949,0.2920
39.0998,4.2008,69.4949,0.2919
39.1719,4.1998,69.4949,0.2919
39.2441,4.1993,69.4949,0.2918
39.3149,4.1996,69.4949,0.2918
39.3869,4.2003,69.4949,0.2919
39.4601,4.2080,69.4949,0.2924
39.5323,4.2067,69.5960,0.2928
39.6036,4.2072,69.4949,0.2924
39.6756,4.2040,69.5960,0.2926
39.7480,4.1998,69.4949,0.2919
39.8196,4.2005,69.4949,0.2919
39.8918,4.1993,69.4949,0.2918
39.9637,4.2000,69.4949,0.2919
40.0360,4.2013,69.4949,0.2920
40.1080,4.2020,69.4949,0.2920
40.1802,4.2018,69.4949,0.2920
40.2515,4.2023,69.4949,0.2920
40.3235,4.2023,69.4949,0.2920
40.4019,4.2040,69.4949,0.2922
40.4753,4.2035,69.5960,0.2925
40.5463,4.1958,69.4949,0.2916
40.6176,4.1949,69.4949,0.2915
40.6896,4.1946,69.4949,0.2915
40.7615,4.1966,69.4949,0.2916
40.8339,4.2038,69.5960,0.2926
40.9059,4.2043,69.4949,0.2922
40.9785,4.2040,69.3939,0.2917
41.0498,4.2040,69.4949,0.2922
41.1212,4.2038,69.4949,0.2921
41.1937,4.2023,69.4949,0.2920
41.2661,4.2028,69.4949,0.2921
41.3379,4.2020,69.4949,0.2920
41.4103,4.2020,69.4949,0.2920
41.4822,4.2020,69.4949,0.2920
41.5537,4.2020,69.4949,0.2920
41.6256,4.2020,69.4949,0.2920
41.6980,4.2010,69.4949,0.2920
41.7704,4.2008,69.4949,0.2919
41.8417,4.2008,69.4949,0.2919
41.9140,4.2003,69.4949,0.2919
41.9857,4.2000,69.4949,0.2919
42.0580,4.2077,69.4949,0.2924
42.1301,4.1996,69.4949,0.2918
42.2020,4.2072,69.4949,0.2924
42.2740,4.2070,69.5960,0.2928
42.3463,4.2003,69.4949,0.2919
42.4185,4.2062,69.4949,0.2923
42.4897,4.1996,69.4949,0.2918
42.5621,4.2000,69.4949,0.2919
42.6335,4.2008,69.4949,0.2919
42.7065,4.2000,69.4949,0.2919
42.7779,4.2010,69.4949,0.2920
42.8495,4.2020,69.4949,0.2920
42.9226,4.2020,69.4949,0.2920
42.9941,4.2020,69.4949,0.2920
43.0660,4.2023,69.4949,0.2920
43.1376,4.2023,69.4949,0.2920
43.2102,4.2025,69.4949,0.2921
43.2818,4.2023,69.4949,0.2920
43.3543,4.2033,69.4949,0.2921
43.4262,4.2038,69.5960,0.2926
43.5042,4.1951,69.4949,0.2915
43.5763,4.2040,69.4949,0.2922
43.6485,4.2047,69.4949,0.2922
43.7200,4.2038,69.4949,0.2921
43.7930,4.2047,69.4949,0.2922
43.8643,4.2038,69.4949,0.2921
43.9360,4.2025,69.4949,0.2921
44.0091,4.2020,69.4949,0.2920
44.0803,4.2023,69.4949,0.2920
44.1518,4.2020,69.4949,0.2920
44.2237,4.2020,69.4949,0.2920
44.2961,4.2023,69.4949,0.2920
44.3683,4.2018,69.4949,0.2920
44.4388,4.2018,69.4949,0.2920
44.5119,4.2005,69.4949,0.2919
44.5843,4.1998,69.4949,0.2919
44.6567,4.2000,69.4949,0.2919
44.7302,4.1996,69.4949,0.2918
44.8014,4.2043,69.4949,0.2922
44.8719,4.2077,69.4949,0.2924
44.9442,4.2077,69.4949,0.2924
45.0161,4.2072,69.4949,0.2924
45.0876,4.2030,69.4949,0.2921
45.1602,4.2000,69.4949,0.2919
45.2345,4.1998,69.4949,0.2919
45.3059,4.2000,69.4949,0.2919
45.3771,4.2003,69.4949,0.2919
45.4477,4.2020,69.4949,0.2920
45.5200,4.2005,69.4949,0.2919
45.5923,4.2018,69.4949,0.2920
45.6642,4.2023,69.4949,0.2920
45.7362,4.2018,69.4949,0.2920
45.8077,4.2018,69.4949,0.2920
45.8801,4.2020,69.4949,0.2920
45.9520,4.2025,69.4949,0.2921
46.0242,4.2038,69.4949,0.2921
46.0960,4.2025,69.4949,0.2921
46.1735,4.2040,69.4949,0.2922
46.2444,4.2043,69.4949,0.2922
46.3149,4.2035,69.4949,0.2921
46.3859,4.2040,69.4949,0.2922
46.4569,4.2008,69.4949,0.2919
46.5283,4.1946,69.4949,0.2915
46.6066,4.2035,69.4949,0.2921
46.6775,4.2028,69.4949,0.2921
46.7500,4.2025,69.4949,0.2921
46.8218,4.2015,69.4949,0.2920
46.8944,4.2018,69.4949,0.2920
46.9656,4.2023,69.4949,0.2920
47.0381,4.2018,69.4949,0.2920
47.1110,4.2010,69.4949,0.2920
47.1837,4.1800,69.3939,0.2901
47.2542,4.2831,69.3939,0.2972
47.3259,8.2300,69.3939,0.5711
47.3977,8.5017,69.0909,0.5874
47.4704,8.4372,69.1919,0.5838
47.5431,8.4345,69.1919,0.5836
47.6139,8.4369,69.1919,0.5838
47.6857,8.5527,69.0909,0.5909
47.7578,8.5450,69.0909,0.5904
47.8302,8.5448,69.0909,0.5904
47.9022,8.5448,69.0909,0.5904
47.9742,8.5448,69.0909,0.5904
48.0462,8.5448,69.0909,0.5904
48.1177,8.5450,69.0909,0.5904
48.1898,8.5450,69.0909,0.5904
48.2622,8.5450,69.0909,0.5904
48.3336,8.5453,69.0909,0.5904
48.4062,8.5453,69.0909,0.5904
48.4781,8.5455,69.0909,0.5904
48.5501,8.5453,69.0909,0.5904
48.6220,8.5453,69.0909,0.5904
48.6938,8.5470,69.0909,0.5905
48.7661,8.5470,69.0909,0.5905
48.8378,8.5344,69.1919,0.5905
48.9096,8.4975,69.0909,0.5871
48.9818,8.5700,69.0909,0.5921
49.0539,8.4679,69.1919,0.5859
49.1256,8.4659,69.1919,0.5858
49.1981,12.1647,68.3838,0.8319
49.2696,12.1647,68.3838,0.8319
49.3419,12.1664,68.1818,0.8295
49.4135,12.1652,68.2828,0.8307
49.4861,12.1716,68.9899,0.8397
49.5576,12.1709,69.0909,0.8409
49.6296,12.1706,68.9899,0.8397
49.7084,12.1684,68.6869,0.8358
49.7800,12.1679,68.1818,0.8296
49.8519,12.1677,68.5859,0.8345
49.9242,12.1664,68.3838,0.8320
49.9955,12.1699,68.3838,0.8322
50.0681,12.1672,68.4848,0.8333
50.1395,12.1682,68.2828,0.8309
50.2116,12.1679,68.0808,0.8284
50.2836,12.1701,68.4848,0.8335
50.3565,12.1699,68.4848,0.8335
50.4281,12.1672,68.3838,0.8320
50.5000,12.1664,68.3838,0.8320
50.5715,12.1674,68.6869,0.8357
50.6435,12.1686,68.6869,0.8358
50.7161,12.1677,68.2828,0.8308
50.7881,12.1672,68.2828,0.8308
50.8597,12.1721,68.7879,0.8373
50.9318,12.1733,69.0909,0.8411
51.0041,12.1738,68.7879,0.8374
51.0755,12.1738,68.8889,0.8386
51.1483,12.1736,69.0909,0.8411
51.2197,12.1696,69.0909,0.8408
51.2930,12.1686,69.0909,0.8407
51.3641,12.1686,69.0909,0.8407
51.4358,12.1805,68.7879,0.8379
51.5085,12.1810,68.6869,0.8367
51.5799,12.1778,68.8889,0.8389
51.6519,12.2045,68.4848,0.8358
51.7242,12.1751,68.9899,0.8400
51.7964,12.2030,68.2828,0.8333
51.8683,12.1785,68.8889,0.8390
51.9403,12.2018,68.0808,0.8307
52.0121,12.1753,68.8889,0.8387
52.0839,12.1778,68.7879,0.8377
52.1558,12.1803,68.7879,0.8379
52.2280,12.1751,68.8889,0.8387
52.3003,12.1805,68.7879,0.8379
52.3723,12.1768,68.9899,0.8401
52.4441,12.1768,68.8889,0.8388
52.5162,12.1778,68.8889,0.8389
52.5881,12.1780,68.7879,0.8377
52.6599,12.1746,68.9899,0.8399
52.7323,12.1766,68.8889,0.8388
52.8102,12.1746,68.9899,0.8399
52.8819,12.1766,68.8889,0.8388
52.9538,12.1832,68.5859,0.8356
53.0259,12.1748,68.9899,0.8399
53.0983,12.2057,67.8788,0.8285
53.1701,12.1736,68.9899,0.8399
53.2421,12.1756,68.8889,0.8388
53.3141,12.1768,68.8889,0.8388
53.3856,12.2023,68.5859,0.8369
53.4585,12.1855,68.5859,0.8358
53.5299,12.1746,68.9899,0.8399
53.6024,12.1726,68.9899,0.8398
53.6761,12.1738,68.9899,0.8399
53.7471,12.1793,68.7879,0.8378
53.8184,12.1731,68.9899,0.8398
53.8908,12.1669,68.1818,0.8296
53.9622,12.1733,68.9899,0.8398
54.0350,12.1733,68.9899,0.8398
54.1079,12.1659,68.2828,0.8307
54.1786,12.1778,68.7879,0.8377
54.2505,12.1659,68.2828,0.8307
54.3222,12.1659,68.2828,0.8307
54.3943,12.1659,68.2828,0.8307
54.4659,12.1669,68.1818,0.8296
54.5379,12.1741,68.9899,0.8399
54.6096,12.1907,68.4848,0.8349
54.6819,12.1699,69.0909,0.8408
54.7536,8.9228,68.6869,0.6129
54.8262,12.1756,68.8889,0.8388
54.8982,12.1659,68.2828,0.8307
54.9700,12.1644,68.4848,0.8331
55.0420,9.0969,68.4848,0.6230
55.1159,9.0544,68.5859,0.6210
55.1867,9.0040,68.5859,0.6175
55.2580,12.1664,68.1818,0.8295
55.3303,12.1733,68.9899,0.8398
55.4014,9.0999,68.4848,0.6232
55.4742,9.0153,68.5859,0.6183
55.5476,12.1669,68.0808,0.8283
55.6191,12.1748,68.8889,0.8387
55.6900,12.1657,68.2828,0.8307
55.7625,12.1672,68.0808,0.8284
55.8332,12.1669,68.5859,0.8345
55.9123,12.1733,68.9899,0.8398
55.9832,12.1669,68.1818,0.8296
56.0565,12.1657,68.2828,0.8307
56.1279,12.1659,68.2828,0.8307
56.2002,8.9688,68.6869,0.6160
56.2721,9.0900,68.5859,0.6234
56.3442,12.1649,68.3838,0.8319
56.4163,12.1664,68.2828,0.8308
56.4876,8.9775,68.6869,0.6166
56.5602,8.9716,68.6869,0.6162
56.6316,9.0967,68.4848,0.6230
56.7039,12.1696,68.7879,0.8371
56.7764,12.1763,68.8889,0.8388
56.8476,12.1756,68.6869,0.8363
56.9197,12.1669,68.5859,0.8345
56.9924,12.1647,68.3838,0.8319
57.0638,12.1728,68.9899,0.8398
57.1363,12.1682,68.0808,0.8284
57.2085,12.1753,68.9899,0.8400
57.2803,12.1639,68.4848,0.8330
57.3522,12.2564,66.2626,0.8121
57.4237,12.1743,68.8889,0.8387
57.4966,12.1731,68.9899,0.8398
57.5676,12.1756,68.8889,0.8388
57.6400,8.9683,68.6869,0.6160
57.7118,8.9681,68.6869,0.6160
57.7839,12.1652,68.3838,0.8319
57.8548,12.1919,68.5859,0.8362
57.9301,12.1667,68.9899,0.8394
58.0012,12.1768,68.7879,0.8376
58.0721,12.1659,68.2828,0.8307
58.1443,12.1669,68.1818,0.8296
58.2162,12.1659,68.2828,0.8307
58.2877,12.1669,68.1818,0.8296
58.3609,12.1657,68.2828,0.8307
58.4313,8.9708,68.6869,0.6162
58.5044,8.9676,68.6869,0.6160
58.5763,8.9676,68.6869,0.6160
58.6482,12.1667,68.1818,0.8295
58.7201,12.1736,68.9899,0.8399
58.7928,12.1647,68.3838,0.8319
58.8671,12.1662,68.2828,0.8307
58.9385,9.0551,68.5859,0.6211
59.0091,8.9686,68.5859,0.6151
59.0806,9.1026,68.4848,0.6234
59.1522,8.9679,68.6869,0.6160
59.2241,12.1659,68.2828,0.8307
59.2972,12.1726,68.9899,0.8398
59.3683,12.1746,68.8889,0.8387
59.4401,12.1682,69.0909,0.8407
59.5116,9.0957,68.4848,0.6229
59.5842,12.1672,69.1919,0.8419
59.6561,8.9686,68.6869,0.6160
59.7282,12.1642,68.3838,0.8318
59.8010,12.1694,68.7879,0.8371
59.8714,8.9683,68.6869,0.6160
59.9439,8.9683,68.6869,0.6160
60.0164,12.1647,68.4848,0.8331
60.0883,12.1657,68.2828,0.8307
60.1600,12.1647,68.4848,0.8331
60.2319,8.9683,68.6869,0.6160
60.3050,12.1657,68.2828,0.8307
60.3754,12.1659,68.2828,0.8307
60.4475,12.1664,68.2828,0.8308
60.5202,12.1753,68.9899,0.8400
60.5919,12.1672,69.1919,0.8419
60.6636,12.1748,68.8889,0.8387
60.7365,12.1659,68.2828,0.8307
60.8074,12.1768,68.8889,0.8388
60.8800,12.1657,68.2828,0.8307
60.9517,12.1840,68.3838,0.8332
61.0239,8.9679,68.5859,0.6151
61.0964,8.9679,68.6869,0.6160
61.1683,12.1652,68.3838,0.8319
61.2404,12.1753,68.9899,0.8400
61.3113,12.1746,68.9899,0.8399
61.3837,12.1780,68.7879,0.8377
61.4564,12.2077,67.8788,0.8286
61.5278,12.1741,68.9899,0.8399
61.6002,12.1674,68.0808,0.8284
61.6711,12.1667,68.1818,0.8295
61.7473,12.1672,68.0808,0.8284
61.8176,12.1736,68.8889,0.8386
61.8886,12.1679,69.0909,0.8407
61.9602,12.1667,68.1818,0.8295
62.0310,12.1644,68.3838,0.8319
62.1106,9.0519,68.4848,0.6199
62.1855,9.0861,68.4848,0.6223
62.2559,9.0094,68.5859,0.6179
62.3264,9.0104,68.5859,0.6180
62.3972,8.9688,68.5859,0.6151
62.4699,8.9688,68.6869,0.6160
62.5442,8.9909,68.5859,0.6166
62.6181,12.1644,68.3838,0.8319
62.6887,12.1652,68.2828,0.8307
62.7606,12.1768,68.8889,0.8388
62.8309,12.1657,68.2828,0.8307
62.9017,12.1657,68.2828,0.8307
62.9742,12.1652,68.3838,0.8319
63.0469,12.1736,68.9899,0.8399
63.1185,12.1672,69.0909,0.8406
63.1903,12.1657,68.2828,0.8307
63.2615,8.9688,68.6869,0.6160
63.3344,8.9681,68.6869,0.6160
63.4066,12.1659,68.2828,0.8307
63.4784,8.9679,68.6869,0.6160
63.5495,8.9686,68.6869,0.6160
63.6221,8.9706,68.6869,0.6162
63.6939,12.1644,68.3838,0.8319
63.7662,12.1644,68.4848,0.8331
63.8377,12.1659,68.1818,0.8295
63.9102,12.1731,68.9899,0.8398
63.9845,12.1743,68.8889,0.8387
64.0550,8.9681,68.5859,0.6151
64.1258,12.1654,68.2828,0.8307
64.1978,12.1733,68.9899,0.8398
64.2702,12.1743,68.9899,0.8399
64.3419,12.1644,68.4848,0.8331
64.4137,12.1753,68.8889,0.8387
64.4860,9.0818,68.4848,0.6220
64.5578,8.9681,68.5859,0.6151
64.6300,8.9681,68.6869,0.6160
64.7022,12.1682,68.8889,0.8383
64.7738,8.9730,68.5859,0.6154
64.8458,8.9696,68.5859,0.6152
64.9182,8.9679,68.5859,0.6151
64.9908,12.1674,68.7879,0.8370
65.0622,12.1686,69.1919,0.8420
65.1335,12.1657,68.2828,0.8307
65.2122,12.1667,68.1818,0.8295
65.2838,12.1669,68.1818,0.8296
65.3564,12.1746,68.8889,0.8387
65.4282,12.2075,67.9798,0.8299
65.5023,12.1728,68.9899,0.8398
65.5725,12.1954,68.2828,0.8327
65.6442,12.1751,68.8889,0.8387
65.7162,12.1771,68.8889,0.8389
65.7878,8.9691,68.5859,0.6152
65.8599,9.0979,68.4848,0.6231
65.9326,12.1662,68.2828,0.8307
66.0041,8.9691,68.5859,0.6152
66.0763,8.9693,68.5859,0.6152
66.1479,8.9686,68.6869,0.6160
66.2203,8.9686,68.6869,0.6160
66.2946,12.1644,68.3838,0.8319
66.3656,12.1649,68.2828,0.8307
66.4374,12.1736,68.9899,0.8399
66.5081,12.1672,68.1818,0.8296
66.5802,8.9681,68.6869,0.6160
66.6522,12.1649,68.2828,0.8307
66.7241,12.1731,68.9899,0.8398
66.7959,12.1743,68.8889,0.8387
66.8679,8.9686,68.6869,0.6160
66.9402,12.1667,68.0808,0.8283
67.0119,8.9777,68.5859,0.6157
67.0838,9.0823,68.4848,0.6220
67.1565,8.9686,68.6869,0.6160
67.2282,12.1657,68.2828,0.8307
67.2994,8.9683,68.5859,0.6151
67.3735,8.9683,68.6869,0.6160
67.4444,12.1642,68.3838,0.8318
67.5153,12.1659,68.2828,0.8307
67.5870,12.1741,68.8889,0.8387
67.6595,12.1731,68.9899,0.8398
67.7324,12.1731,68.9899,0.8398
67.8043,12.1672,68.1818,0.8296
67.8761,12.1731,68.2828,0.8312
67.9475,12.1659,68.2828,0.8307
68.0201,12.1657,68.2828,0.8307
68.0919,9.0843,68.4848,0.6221
68.1634,8.9681,68.5859,0.6151
68.2365,8.9681,68.5859,0.6151
68.3138,8.9688,68.5859,0.6151
68.3860,8.9691,68.5859,0.6152
68.4577,12.1652,68.3838,0.8319
68.5296,8.9703,68.5859,0.6152
68.6010,12.1649,68.2828,0.8307
68.6772,12.1963,68.0808,0.8303
68.7479,12.1763,68.8889,0.8388
68.8189,9.0885,68.4848,0.6224
68.8903,12.1652,68.2828,0.8307
68.9620,12.1795,68.7879,0.8378
69.0338,12.1753,68.8889,0.8387
69.1084,8.9688,68.6869,0.6160
69.1814,4.2015,69.4949,0.2920
69.2517,4.2025,69.4949,0.2921
69.3222,4.2035,69.4949,0.2921
69.3938,4.2040,69.4949,0.2922
69.4662,4.2033,69.4949,0.2921
69.5395,4.2043,69.4949,0.2922
69.6124,4.2045,69.4949,0.2922
69.6826,4.1976,69.4949,0.2917
69.7543,4.2047,69.4949,0.2922
69.8258,4.1973,69.4949,0.2917
69.8977,4.1934,69.4949,0.2914
69.9702,4.2043,69.4949,0.2922
70.0429,4.1934,69.4949,0.2914
70.1143,4.2045,69.3939,0.2918
70.1862,4.2040,69.3939,0.2917
70.2571,4.2040,69.4949,0.2922
70.3302,4.2043,69.4949,0.2922
70.4022,4.2043,69.3939,0.2917
70.4742,4.2040,69.4949,0.2922
70.5460,4.2025,69.4949,0.2921
70.6186,4.2038,69.4949,0.2921
70.6897,4.2028,69.4949,0.2921
70.7619,4.2020,69.4949,0.2920
70.8335,4.2023,69.4949,0.2920
70.9057,4.2025,69.4949,0.2921
70.9782,4.2020,69.4949,0.2920
71.0500,4.2015,69.4949,0.2920
71.1220,4.2008,69.4949,0.2919
71.1926,4.2020,69.4949,0.2920
71.2660,4.2008,69.4949,0.2919
71.3382,4.2003,69.4949,0.2919
71.4178,4.2102,69.4949,0.2926
71.4900,4.2010,69.4949,0.2920
71.5606,4.2005,69.4949,0.2919
71.6312,4.2003,69.4949,0.2919
71.7043,4.2000,69.4949,0.2919
71.7755,4.2005,69.4949,0.2919
71.8475,4.1998,69.4949,0.2919
71.9202,4.2023,69.4949,0.2920
71.9921,4.2005,69.4949,0.2919
72.0637,4.2020,69.4949,0.2920
72.1362,4.2023,69.4949,0.2920
72.2081,4.2018,69.4949,0.2920
72.2802,4.2023,69.4949,0.2920
72.3521,4.2023,69.4949,0.2920
72.4257,4.2018,69.4949,0.2920
72.4972,4.2033,69.4949,0.2921
72.5680,4.2020,69.4949,0.2920
72.6400,4.2040,69.4949,0.2922
72.7122,4.2040,69.4949,0.2922
72.7838,4.2040,69.4949,0.2922
72.8565,4.2040,69.4949,0.2922
72.9276,4.2047,69.4949,0.2922
72.9996,4.1986,69.4949,0.2918
73.0719,4.1939,69.4949,0.2915
73.1442,4.2015,69.4949,0.2920
73.2164,4.1939,69.4949,0.2915
73.2872,4.2020,69.4949,0.2920
73.3604,4.2038,69.4949,0.2921
73.4323,4.1998,69.4949,0.2919
73.5041,4.2038,69.4949,0.2921
73.5757,4.2043,69.4949,0.2922
73.6481,4.2038,69.4949,0.2921
73.7203,4.2043,69.4949,0.2922
73.7960,4.2038,69.4949,0.2921
73.8677,4.2033,69.4949,0.2921
73.9386,4.2023,69.4949,0.2920
74.0098,4.2030,69.4949,0.2921
74.0804,4.2020,69.4949,0.2920
74.1530,4.2023,69.4949,0.2920
74.2253,4.2023,69.4949,0.2920
74.2965,4.2020,69.4949,0.2920
74.3697,4.2020,69.4949,0.2920
74.4412,4.2015,69.4949,0.2920
74.5182,4.2000,69.4949,0.2919
74.5901,4.2094,69.4949,0.2925
74.6621,4.2075,69.4949,0.2924
74.7339,4.2003,69.4949,0.2919
74.8053,4.2085,69.4949,0.2925
74.8780,4.2003,69.4949,0.2919
74.9497,4.2005,69.4949,0.2919
75.0217,4.2005,69.4949,0.2919
75.0934,4.2008,69.4949,0.2919
75.1662,4.2005,69.4949,0.2919
75.2381,4.2020,69.4949,0.2920
75.3100,4.2018,69.4949,0.2920
75.3821,4.2005,69.4949,0.2919
75.4537,4.2020,69.4949,0.2920
75.5256,4.2023,69.4949,0.2920
75.5982,4.2020,69.4949,0.2920
75.6703,4.2025,69.4949,0.2921
75.7418,4.2020,69.4949,0.2920
